identifiant,pays,plateforme,heures_ecran,heures_sommeil,sante_mentale,score_addiction
105,Afghanistan,LinkedIn,2.9,7.0,7,5
45,Argentina,TikTok,5.5,5.3,5,8
80,Armenia,Instagram,5.9,5.2,5,9
6,Australia,Instagram,7.2,4.5,4,9
287,Australia,Instagram,4.3,7.5,7,5
303,Australia,Instagram,4.1,7.7,7,5
311,Australia,Facebook,4.0,7.8,7,5
319,Australia,Instagram,3.9,7.9,7,5
23,Austria,Instagram,4.9,5.8,6,7
98,Bahrain,LinkedIn,2.8,7.1,8,4
1,Bangladesh,Instagram,5.2,6.5,6,8
111,Bangladesh,Instagram,6.1,6.2,5,8
117,Bangladesh,Facebook,6.0,5.8,5,8
123,Bangladesh,TikTok,5.3,6.3,5,8
129,Bangladesh,Facebook,5.1,6.5,5,8
141,Bangladesh,Facebook,4.7,6.9,5,8
147,Bangladesh,TikTok,4.5,7.1,5,8
159,Bangladesh,TikTok,4.1,7.5,5,8
167,Bangladesh,Instagram,4.9,6.4,5,7
185,Bangladesh,Instagram,4.6,7.0,5,7
197,Bangladesh,Instagram,4.4,7.4,5,7
203,Bangladesh,Instagram,4.3,7.6,5,7
209,Bangladesh,Instagram,4.2,7.8,5,7
21,Belgium,TikTok,5.3,5.5,5,8
501,Brazil,WhatsApp,6.2,6.3,6,7
511,Brazil,Instagram,6.1,6.4,6,7
521,Brazil,WhatsApp,6.0,6.5,6,7
531,Brazil,TikTok,5.9,6.6,6,7
561,Brazil,WhatsApp,5.6,6.9,6,7
69,Bulgaria,LinkedIn,2.8,7.2,8,4
5,Canada,Facebook,4.5,6.0,6,7
330,Canada,Instagram,5.3,6.9,6,7
350,Canada,Instagram,5.1,7.1,6,7
360,Canada,TikTok,5.0,7.2,6,7
400,Canada,TikTok,4.6,7.6,6,7
410,Canada,Instagram,4.5,7.7,6,7
450,Canada,Instagram,4.1,8.1,6,7
460,Canada,TikTok,4.0,8.2,6,7
500,Canada,TikTok,3.6,8.6,6,7
540,Canada,TikTok,4.5,7.7,7,6
550,Canada,Instagram,4.4,7.8,7,6
560,Canada,TikTok,4.3,7.9,7,6
570,Canada,Instagram,4.2,8.0,7,6
580,Canada,Instagram,5.2,7.0,6,6
682,Canada,TikTok,5.8,6.6,6,7
699,Canada,Instagram,5.7,6.6,6,7
502,China,WeChat,4.5,7.8,7,5
512,China,WeChat,4.4,7.9,7,5
532,China,WeChat,4.2,8.1,7,5
542,China,WeChat,4.1,8.2,7,5
552,China,WeChat,4.0,8.3,7,5
562,China,WeChat,3.9,8.4,7,5
584,China,WeChat,5.8,6.5,6,7
669,China,WeChat,5.7,6.7,6,7
686,China,WeChat,5.5,6.8,6,7
703,China,WeChat,5.6,6.7,6,7
54,Costa Rica,Instagram,5.7,5.5,5,8
66,Croatia,Instagram,4.8,5.8,6,7
64,Czech Republic,Snapchat,6.1,5.2,4,9
322,Denmark,Facebook,4.1,7.8,8,4
332,Denmark,Facebook,3.9,7.9,8,4
342,Denmark,Facebook,3.8,8.0,8,4
352,Denmark,Facebook,3.7,8.1,8,4
372,Denmark,Facebook,3.5,8.3,8,4
382,Denmark,Facebook,3.4,8.4,8,4
402,Denmark,Facebook,3.2,8.6,8,4
432,Denmark,Facebook,2.9,8.9,8,4
462,Denmark,Facebook,2.6,9.2,8,4
472,Denmark,Facebook,2.5,9.3,8,4
572,Denmark,Twitter,3.8,7.8,8,4
623,Denmark,Twitter,4.6,7.3,7,5
640,Denmark,Twitter,4.5,7.3,7,5
674,Denmark,Twitter,4.5,7.3,7,5
691,Denmark,Twitter,4.6,7.3,7,5
39,Egypt,YouTube,3.9,6.5,7,6
60,Finland,TikTok,5.4,5.7,5,8
604,Finland,Facebook,4.5,7.4,7,5
621,Finland,Instagram,4.4,7.4,7,5
638,Finland,Instagram,4.3,7.5,7,5
655,Finland,Instagram,4.4,7.4,7,5
689,Finland,Instagram,4.4,7.4,7,5
11,France,Snapchat,4.8,6.2,5,7
329,France,Instagram,4.5,7.5,7,5
339,France,Instagram,4.4,7.6,7,5
349,France,Instagram,4.3,7.7,7,5
359,France,Instagram,4.2,7.8,7,5
369,France,Instagram,4.1,7.9,7,5
389,France,Instagram,3.9,8.1,7,5
409,France,Instagram,3.7,8.3,7,5
419,France,Instagram,3.6,8.4,7,5
429,France,Instagram,3.5,8.5,7,5
439,France,Instagram,3.4,8.6,7,5
449,France,Instagram,3.3,8.7,7,5
469,France,Instagram,3.1,8.9,7,5
479,France,Instagram,3.0,9.0,7,5
499,France,Instagram,2.8,9.2,7,5
579,France,Twitter,4.7,7.4,7,5
630,France,Instagram,4.7,7.2,7,5
647,France,Instagram,4.8,7.1,7,5
664,France,Facebook,4.7,7.2,7,5
681,France,Instagram,4.7,7.2,7,5
698,France,Facebook,4.8,7.1,7,5
7,Germany,LinkedIn,1.5,8.0,9,2
240,Germany,Facebook,4.1,7.7,8,4
256,Germany,Facebook,4.0,7.6,8,4
264,Germany,Instagram,3.8,7.7,8,4
296,Germany,Instagram,3.4,8.1,8,4
304,Germany,Facebook,3.3,8.2,8,4
312,Germany,Instagram,3.2,8.3,8,4
320,Germany,Facebook,3.1,8.4,8,4
44,Ghana,Snapchat,4.6,5.7,6,7
25,Greece,Facebook,3.2,6.9,7,5
35,Hong Kong,Instagram,4.7,5.8,6,7
63,Hungary,TikTok,4.2,6.0,6,7
59,Iceland,Instagram,4.6,5.9,6,7
2,India,Twitter,2.1,7.5,8,3
124,India,Instagram,5.8,5.8,6,7
136,India,Instagram,5.4,5.4,6,7
148,India,Instagram,5.0,5.0,6,7
162,India,Facebook,4.8,7.2,7,6
168,India,Facebook,5.2,7.1,7,6
174,India,Facebook,5.1,7.4,7,6
180,India,Facebook,5.0,7.6,7,6
186,India,Facebook,4.9,7.8,7,6
198,India,Facebook,4.7,8.2,7,6
210,India,Facebook,4.5,8.6,7,6
324,India,WhatsApp,5.8,6.5,5,8
334,India,WhatsApp,5.9,6.4,5,8
344,India,WhatsApp,6.0,6.3,5,8
384,India,WhatsApp,6.4,5.9,5,8
424,India,WhatsApp,6.8,5.5,5,8
434,India,WhatsApp,6.9,5.4,5,8
444,India,WhatsApp,7.0,5.3,5,8
464,India,WhatsApp,7.2,5.1,5,8
474,India,WhatsApp,7.3,5.0,5,8
484,India,WhatsApp,7.4,4.9,5,8
494,India,WhatsApp,7.5,4.8,5,8
539,India,WhatsApp,7.1,5.7,5,8
569,India,WhatsApp,7.4,5.4,5,8
574,India,Facebook,7.2,5.9,4,9
591,India,Instagram,7.0,5.8,4,9
608,India,Facebook,7.1,5.7,4,9
625,India,TikTok,7.0,5.8,4,9
642,India,TikTok,7.2,5.7,4,9
659,India,TikTok,7.1,5.8,4,9
676,India,Facebook,7.2,5.7,4,9
33,Indonesia,TikTok,5.4,5.4,5,8
102,Iraq,LinkedIn,2.5,7.3,8,4
26,Ireland,Instagram,6.1,5.2,5,9
323,Ireland,Instagram,5.0,7.0,7,6
333,Ireland,Instagram,4.8,7.1,7,6
363,Ireland,TikTok,4.5,7.4,7,6
373,Ireland,Instagram,4.4,7.5,7,6
423,Ireland,TikTok,3.9,8.0,7,6
433,Ireland,Instagram,3.8,8.1,7,6
443,Ireland,TikTok,3.7,8.2,7,6
463,Ireland,TikTok,3.5,8.4,7,6
473,Ireland,Instagram,3.4,8.5,7,6
493,Ireland,Instagram,3.2,8.7,7,6
590,Ireland,Twitter,5.7,6.8,6,7
607,Ireland,Twitter,5.9,6.6,6,7
624,Ireland,Instagram,5.8,6.6,6,7
641,Ireland,Instagram,5.9,6.5,6,7
675,Ireland,Instagram,5.9,6.5,6,7
692,Ireland,Instagram,5.9,6.5,6,7
13,Italy,LinkedIn,2.8,7.2,8,4
226,Italy,Instagram,5.5,6.8,6,7
242,Italy,Instagram,5.4,6.7,5,7
258,Italy,Instagram,5.3,6.8,5,7
266,Italy,TikTok,5.2,6.9,5,8
282,Italy,TikTok,5.3,6.8,5,8
306,Italy,Instagram,5.0,7.1,5,7
582,Italy,Facebook,4.9,7.3,7,5
599,Italy,Twitter,5.1,7.1,7,5
616,Italy,Facebook,4.6,7.2,7,5
667,Italy,TikTok,4.8,7.1,7,5
701,Italy,TikTok,4.7,7.2,7,5
56,Jamaica,Snapchat,4.9,5.6,6,7
9,Japan,TikTok,4.0,6.5,7,5
225,Japan,LINE,3.8,7.9,8,3
233,Japan,LINE,3.5,8.0,8,3
241,Japan,LINE,3.7,7.8,8,3
265,Japan,LINE,3.3,8.3,8,3
281,Japan,LINE,3.1,8.5,8,3
289,Japan,LINE,3.0,8.6,8,3
297,Japan,LINE,2.9,8.7,8,3
305,Japan,LINE,2.8,8.8,8,3
313,Japan,LINE,2.7,8.9,8,3
602,Japan,Twitter,4.3,7.6,8,4
619,Japan,Twitter,4.2,7.5,8,4
636,Japan,Twitter,4.4,7.4,8,4
670,Japan,Twitter,4.4,7.4,8,4
100,Jordan,TikTok,5.4,5.5,5,8
43,Kenya,Facebook,3.7,6.6,7,5
78,Kyrgyzstan,Facebook,2.9,7.0,7,5
101,Lebanon,YouTube,5.8,5.2,5,9
90,Liechtenstein,Instagram,5.8,5.2,5,9
85,Luxembourg,Snapchat,5.6,5.3,5,8
506,Malaysia,WhatsApp,5.5,6.8,6,7
516,Malaysia,WhatsApp,5.6,6.7,6,7
526,Malaysia,WhatsApp,5.7,6.6,6,7
536,Malaysia,WhatsApp,5.8,6.5,6,7
546,Malaysia,WhatsApp,5.9,6.4,6,7
556,Malaysia,WhatsApp,6.0,6.3,6,7
566,Malaysia,WhatsApp,6.1,6.2,6,7
110,Maldives,Instagram,4.9,5.8,6,7
116,Maldives,Instagram,4.8,7.2,8,5
122,Maldives,Instagram,4.6,7.4,8,5
128,Maldives,Instagram,4.4,7.6,8,5
166,Maldives,TikTok,5.4,6.0,6,8
178,Maldives,TikTok,5.2,5.5,6,8
184,Maldives,TikTok,5.1,5.3,6,8
190,Maldives,TikTok,5.0,5.1,6,8
196,Maldives,TikTok,4.9,4.9,6,8
202,Maldives,TikTok,4.8,4.7,6,8
84,Malta,LinkedIn,2.7,7.2,8,4
14,Mexico,Instagram,6.5,5.5,5,9
338,Mexico,WhatsApp,5.7,6.5,6,7
358,Mexico,WhatsApp,5.9,6.3,6,7
368,Mexico,WhatsApp,6.0,6.2,6,7
378,Mexico,WhatsApp,6.1,6.1,6,7
388,Mexico,WhatsApp,6.2,6.0,6,7
418,Mexico,WhatsApp,6.5,5.7,6,7
428,Mexico,WhatsApp,6.6,5.6,6,7
438,Mexico,WhatsApp,6.7,5.5,6,7
468,Mexico,WhatsApp,7.0,5.2,6,7
488,Mexico,WhatsApp,7.2,5.0,6,7
578,Mexico,Facebook,6.5,6.1,5,8
595,Mexico,Facebook,6.2,6.3,5,8
612,Mexico,Facebook,6.5,6.1,5,8
663,Mexico,TikTok,6.4,6.2,5,8
680,Mexico,Facebook,6.2,6.3,5,8
74,Moldova,Instagram,5.8,5.3,5,8
86,Monaco,Instagram,4.5,5.8,6,7
91,Montenegro,Facebook,2.9,7.0,7,5
107,Nepal,YouTube,3.8,6.6,7,6
125,Nepal,Facebook,4.5,7.5,7,5
131,Nepal,TikTok,4.3,7.7,7,5
137,Nepal,Facebook,4.1,7.9,7,5
143,Nepal,TikTok,3.9,8.1,7,5
149,Nepal,Facebook,3.7,8.3,7,5
155,Nepal,TikTok,3.5,8.5,7,5
169,Nepal,TikTok,5.6,5.8,6,8
181,Nepal,TikTok,5.8,5.4,6,8
187,Nepal,TikTok,5.9,5.2,6,8
199,Nepal,TikTok,6.1,4.8,6,8
211,Nepal,TikTok,6.3,4.4,6,8
217,Nepal,TikTok,6.4,4.2,6,8
20,Netherlands,Snapchat,4.7,5.9,6,7
503,Netherlands,Instagram,3.8,8.2,8,4
513,Netherlands,TikTok,3.7,8.3,8,4
533,Netherlands,Instagram,3.5,8.5,8,4
543,Netherlands,Instagram,3.4,8.6,8,4
563,Netherlands,Instagram,3.2,8.8,8,4
504,New Zealand,Instagram,4.7,7.5,7,6
534,New Zealand,Facebook,4.4,7.8,7,6
544,New Zealand,Instagram,4.3,7.9,7,6
554,New Zealand,Facebook,4.2,8.0,7,6
42,Nigeria,Instagram,5.8,5.4,5,8
106,Pakistan,TikTok,4.8,5.7,6,7
120,Pakistan,Instagram,5.4,6.2,5,8
132,Pakistan,Instagram,5.0,6.6,5,8
144,Pakistan,Instagram,4.6,7.0,5,8
150,Pakistan,Instagram,4.4,7.2,5,8
164,Pakistan,Instagram,4.7,6.3,5,7
170,Pakistan,Instagram,4.6,6.5,5,7
182,Pakistan,Instagram,4.4,6.9,5,7
188,Pakistan,Instagram,4.3,7.1,5,7
194,Pakistan,Instagram,4.2,7.3,5,7
200,Pakistan,Instagram,4.1,7.5,5,7
206,Pakistan,Instagram,4.0,7.7,5,7
218,Pakistan,Instagram,3.8,8.1,5,7
52,Paraguay,TikTok,4.7,5.8,6,7
48,Peru,TikTok,5.5,5.6,5,8
32,Philippines,Snapchat,4.8,5.7,6,7
61,Poland,Facebook,3.1,7.1,7,5
528,Poland,Facebook,4.0,8.1,7,5
538,Poland,Facebook,3.9,8.2,7,5
548,Poland,Facebook,3.8,8.3,7,5
558,Poland,Facebook,3.7,8.4,7,5
568,Poland,Facebook,3.6,8.5,7,5
586,Poland,Facebook,6.4,6.3,5,8
603,Poland,Instagram,6.2,6.4,5,8
637,Poland,TikTok,6.1,6.4,5,8
654,Poland,TikTok,6.2,6.3,5,8
688,Poland,TikTok,6.3,6.2,5,8
705,Poland,Facebook,6.2,6.3,5,8
96,Qatar,TikTok,4.9,5.7,6,7
62,Romania,Instagram,5.6,5.6,5,8
236,Russia,VKontakte,4.5,7.4,7,5
252,Russia,VKontakte,4.6,7.5,7,5
260,Russia,VKontakte,4.4,7.6,7,5
268,Russia,VKontakte,4.3,7.7,7,5
276,Russia,VKontakte,4.2,7.8,7,5
300,Russia,VKontakte,3.9,8.1,7,5
308,Russia,VKontakte,3.8,8.2,7,5
316,Russia,VKontakte,3.7,8.3,7,5
583,Russia,Instagram,6.7,6.0,5,8
617,Russia,Instagram,6.8,5.9,4,9
651,Russia,Instagram,6.8,5.9,4,9
668,Russia,Instagram,6.9,5.9,4,9
702,Russia,Instagram,6.8,5.9,4,9
28,Singapore,TikTok,4.4,5.9,6,7
505,Singapore,TikTok,5.1,7.0,6,7
515,Singapore,TikTok,5.2,6.9,6,7
525,Singapore,TikTok,5.3,6.8,6,7
535,Singapore,TikTok,5.4,6.7,6,7
545,Singapore,TikTok,5.5,6.6,6,7
555,Singapore,TikTok,5.6,6.5,6,7
565,Singapore,TikTok,5.7,6.4,6,7
65,Slovakia,LinkedIn,2.3,7.4,8,3
41,South Africa,LinkedIn,2.3,7.3,8,4
227,South Korea,KakaoTalk,5.2,6.5,6,6
251,South Korea,KakaoTalk,4.9,6.9,6,6
259,South Korea,KakaoTalk,5.0,6.7,6,6
267,South Korea,KakaoTalk,4.8,7.0,6,6
275,South Korea,KakaoTalk,4.7,7.1,6,6
299,South Korea,KakaoTalk,4.4,7.4,6,6
307,South Korea,KakaoTalk,4.3,7.5,6,6
341,Spain,Instagram,5.0,6.9,6,7
351,Spain,TikTok,4.9,7.0,6,7
361,Spain,Instagram,4.8,7.1,6,7
371,Spain,TikTok,4.7,7.2,6,7
391,Spain,TikTok,4.5,7.4,6,7
401,Spain,Instagram,4.4,7.5,6,7
411,Spain,TikTok,4.3,7.6,6,7
431,Spain,TikTok,4.1,7.8,6,7
441,Spain,Instagram,4.0,7.9,6,7
461,Spain,Instagram,3.8,8.1,6,7
471,Spain,TikTok,3.7,8.2,6,7
481,Spain,Instagram,3.6,8.3,6,7
491,Spain,TikTok,3.5,8.4,6,7
588,Spain,TikTok,6.6,6.2,5,8
605,Spain,TikTok,6.3,6.3,5,8
622,Spain,Facebook,6.5,6.2,5,8
656,Spain,Facebook,6.5,6.1,5,8
673,Spain,TikTok,6.4,6.2,5,8
690,Spain,Facebook,6.5,6.1,5,8
109,Sri Lanka,LinkedIn,2.6,7.2,8,4
115,Sri Lanka,TikTok,5.2,6.3,6,7
121,Sri Lanka,Facebook,5.9,5.9,6,7
127,Sri Lanka,TikTok,5.7,5.7,6,7
133,Sri Lanka,Facebook,5.5,5.5,6,7
165,Sri Lanka,Facebook,5.1,7.0,7,5
177,Sri Lanka,Facebook,4.9,7.5,7,5
195,Sri Lanka,Facebook,4.6,8.1,7,5
201,Sri Lanka,Facebook,4.5,8.3,7,5
207,Sri Lanka,Facebook,4.4,8.5,7,5
213,Sri Lanka,Facebook,4.3,8.7,7,5
219,Sri Lanka,Facebook,4.2,8.9,7,5
17,Sweden,LinkedIn,2.0,7.8,8,3
22,Switzerland,LinkedIn,2.5,7.3,8,4
325,Switzerland,Instagram,4.0,7.9,8,4
335,Switzerland,Instagram,3.8,8.0,8,4
345,Switzerland,Instagram,3.7,8.1,8,4
365,Switzerland,Instagram,3.5,8.3,8,4
375,Switzerland,Instagram,3.4,8.4,8,4
395,Switzerland,Instagram,3.2,8.6,8,4
415,Switzerland,Instagram,3.0,8.8,8,4
465,Switzerland,Instagram,2.5,9.3,8,4
475,Switzerland,Instagram,2.4,9.4,8,4
575,Switzerland,Instagram,4.2,7.5,7,5
592,Switzerland,Facebook,4.3,7.5,7,5
609,Switzerland,Instagram,4.4,7.4,7,5
626,Switzerland,Facebook,4.5,7.3,7,5
677,Switzerland,TikTok,4.6,7.2,7,5
104,Syria,Instagram,5.6,5.4,5,8
79,Tajikistan,YouTube,4.7,5.9,6,7
30,Thailand,Instagram,5.9,5.3,5,8
36,Turkey,TikTok,5.6,5.5,5,8
336,Turkey,TikTok,5.4,6.8,6,7
356,Turkey,TikTok,5.2,7.0,6,7
366,Turkey,Instagram,5.1,7.1,6,7
376,Turkey,TikTok,5.0,7.2,6,7
396,Turkey,TikTok,4.8,7.4,6,7
416,Turkey,TikTok,4.6,7.6,6,7
426,Turkey,Instagram,4.5,7.7,6,7
436,Turkey,TikTok,4.4,7.8,6,7
446,Turkey,Instagram,4.3,7.9,6,7
486,Turkey,Instagram,3.9,8.3,6,7
496,Turkey,TikTok,3.8,8.4,6,7
576,Turkey,TikTok,6.8,6.2,5,8
644,Turkey,Instagram,6.8,6.0,5,8
661,Turkey,Instagram,6.7,6.0,5,8
695,Turkey,Instagram,6.6,6.1,5,8
38,UAE,Instagram,6.2,5.1,5,9
507,UAE,Instagram,6.5,6.5,5,8
537,UAE,Instagram,6.8,6.2,5,8
547,UAE,Instagram,6.9,6.1,5,8
567,UAE,Instagram,7.1,5.9,5,8
4,UK,YouTube,3.0,7.0,7,4
222,UK,TikTok,5.8,6.5,6,7
230,UK,Instagram,5.5,6.7,6,7
238,UK,Facebook,5.6,6.6,6,7
246,UK,Instagram,5.7,6.4,6,7
254,UK,Facebook,5.4,6.5,6,7
262,UK,Instagram,5.3,6.3,6,7
270,UK,Facebook,5.2,6.4,6,7
278,UK,Instagram,5.1,6.5,6,7
286,UK,Facebook,5.0,6.6,6,7
294,UK,Instagram,4.9,6.7,6,7
302,UK,Facebook,4.8,6.8,6,7
310,UK,Instagram,4.7,6.9,6,7
318,UK,Facebook,4.6,7.0,6,7
598,UK,Facebook,6.4,6.2,5,8
632,UK,Facebook,6.2,6.3,5,8
649,UK,Twitter,6.2,6.3,5,8
683,UK,Twitter,6.1,6.4,5,8
700,UK,Twitter,6.2,6.3,5,8
221,USA,Instagram,6.5,6.0,5,9
229,USA,TikTok,7.0,5.8,4,9
253,USA,Instagram,6.7,5.8,4,9
261,USA,TikTok,6.6,5.6,4,9
277,USA,TikTok,6.6,5.5,4,9
285,USA,Instagram,6.7,5.4,4,9
293,USA,TikTok,6.8,5.3,4,9
301,USA,Instagram,6.9,5.2,4,9
309,USA,TikTok,7.0,5.1,4,9
327,USA,TikTok,6.8,5.5,5,9
347,USA,TikTok,7.0,5.3,5,9
357,USA,Instagram,7.1,5.2,5,9
367,USA,TikTok,7.2,5.1,5,9
387,USA,TikTok,7.4,4.9,5,9
397,USA,Instagram,7.5,4.8,5,9
417,USA,Instagram,7.7,4.6,5,9
447,USA,TikTok,8.0,4.3,5,9
487,USA,TikTok,8.4,3.9,5,9
577,USA,Instagram,5.9,6.7,6,7
594,USA,Instagram,5.6,6.9,6,7
645,USA,Twitter,5.3,6.8,6,7
662,USA,Twitter,5.4,6.8,6,7
73,Ukraine,TikTok,4.9,5.7,6,7
51,Uruguay,YouTube,3.8,6.4,7,6
77,Uzbekistan,TikTok,5.5,5.4,5,8
49,Venezuela,Facebook,3.3,6.7,7,5
31,Vietnam,Facebook,3.6,6.7,7,5
